timeStamp,elapsed,label,responseCode,responseMessage,threadName,dataType,success,failureMessage,bytes,sentBytes,grpThreads,allThreads,URL,Latency,IdleTime,Connect
1667822065517,1980,Amazon HTTP Request,200,OK,amazon Thread Group 1-2,text,true,,43044,340,10,10,https://www.amazon.in/,461,0,212
1667822065517,461,Amazon HTTP Request-0,301,Moved Permanently,amazon Thread Group 1-2,text,true,,350,112,10,10,http://amazon.in/,461,0,212
1667822065979,947,Amazon HTTP Request-1,301,Moved Permanently,amazon Thread Group 1-2,text,true,,354,112,10,10,https://amazon.in/,947,0,719
1667822066927,570,Amazon HTTP Request-2,200,OK,amazon Thread Group 1-2,text,true,,42340,116,10,10,https://www.amazon.in/,484,0,164
1667822065389,2117,Amazon HTTP Request,200,OK,amazon Thread Group 1-1,text,true,,44911,340,10,10,https://www.amazon.in/,536,0,310
1667822065389,536,Amazon HTTP Request-0,301,Moved Permanently,amazon Thread Group 1-1,text,true,,350,112,10,10,http://amazon.in/,536,0,310
1667822065927,928,Amazon HTTP Request-1,301,Moved Permanently,amazon Thread Group 1-1,text,true,,354,112,10,10,https://amazon.in/,928,0,708
1667822066856,650,Amazon HTTP Request-2,200,OK,amazon Thread Group 1-1,text,true,,44207,116,10,10,https://www.amazon.in/,567,0,235
1667822065814,1854,Amazon HTTP Request,200,OK,amazon Thread Group 1-5,text,true,,42775,340,8,8,https://www.amazon.in/,425,0,207
1667822065814,425,Amazon HTTP Request-0,301,Moved Permanently,amazon Thread Group 1-5,text,true,,350,112,8,8,http://amazon.in/,425,0,207
1667822066240,884,Amazon HTTP Request-1,301,Moved Permanently,amazon Thread Group 1-5,text,true,,354,112,8,8,https://amazon.in/,884,0,685
1667822067124,544,Amazon HTTP Request-2,200,OK,amazon Thread Group 1-5,text,true,,42071,116,8,8,https://www.amazon.in/,466,0,170
1667822065734,1969,Amazon HTTP Request,200,OK,amazon Thread Group 1-4,text,true,,42969,340,7,7,https://www.amazon.in/,456,0,245
1667822065734,457,Amazon HTTP Request-0,301,Moved Permanently,amazon Thread Group 1-4,text,true,,350,112,7,7,http://amazon.in/,456,0,245
1667822066191,932,Amazon HTTP Request-1,301,Moved Permanently,amazon Thread Group 1-4,text,true,,354,112,7,7,https://amazon.in/,932,0,718
1667822067123,580,Amazon HTTP Request-2,200,OK,amazon Thread Group 1-4,text,true,,42265,116,7,7,https://www.amazon.in/,495,0,171
1667822065917,1849,Amazon HTTP Request,200,OK,amazon Thread Group 1-6,text,true,,42953,340,6,6,https://www.amazon.in/,429,0,220
1667822065917,430,Amazon HTTP Request-0,301,Moved Permanently,amazon Thread Group 1-6,text,true,,350,112,6,6,http://amazon.in/,429,0,220
1667822066348,936,Amazon HTTP Request-1,301,Moved Permanently,amazon Thread Group 1-6,text,true,,354,112,6,6,https://amazon.in/,936,0,670
1667822067284,482,Amazon HTTP Request-2,200,OK,amazon Thread Group 1-6,text,true,,42249,116,6,6,https://www.amazon.in/,407,0,121
1667822066064,1863,Amazon HTTP Request,200,OK,amazon Thread Group 1-7,text,true,,42914,340,5,5,https://www.amazon.in/,422,0,210
1667822066064,422,Amazon HTTP Request-0,301,Moved Permanently,amazon Thread Group 1-7,text,true,,350,112,5,5,http://amazon.in/,422,0,210
1667822066487,934,Amazon HTTP Request-1,301,Moved Permanently,amazon Thread Group 1-7,text,true,,354,112,5,5,https://amazon.in/,934,0,674
1667822067422,505,Amazon HTTP Request-2,200,OK,amazon Thread Group 1-7,text,true,,42210,116,5,5,https://www.amazon.in/,398,0,136
1667822066139,1928,Amazon HTTP Request,200,OK,amazon Thread Group 1-8,text,true,,42769,340,4,4,https://www.amazon.in/,460,0,220
1667822066139,461,Amazon HTTP Request-0,301,Moved Permanently,amazon Thread Group 1-8,text,true,,350,112,4,4,http://amazon.in/,460,0,220
1667822066601,877,Amazon HTTP Request-1,301,Moved Permanently,amazon Thread Group 1-8,text,true,,354,112,4,4,https://amazon.in/,877,0,684
1667822067479,588,Amazon HTTP Request-2,200,OK,amazon Thread Group 1-8,text,true,,42065,116,4,4,https://www.amazon.in/,533,0,134
1667822065599,22896,Amazon HTTP Request,200,OK,amazon Thread Group 1-3,text,true,,42927,340,3,3,https://www.amazon.in/,472,0,233
1667822065599,472,Amazon HTTP Request-0,301,Moved Permanently,amazon Thread Group 1-3,text,true,,350,112,3,3,http://amazon.in/,472,0,233
1667822066071,21979,Amazon HTTP Request-1,301,Moved Permanently,amazon Thread Group 1-3,text,true,,354,112,3,3,https://amazon.in/,21979,0,21751
1667822088051,444,Amazon HTTP Request-2,200,OK,amazon Thread Group 1-3,text,true,,42223,116,3,3,https://www.amazon.in/,383,0,121
1667822066289,22791,Amazon HTTP Request,200,OK,amazon Thread Group 1-10,text,true,,42961,340,2,2,https://www.amazon.in/,420,0,212
1667822066289,420,Amazon HTTP Request-0,301,Moved Permanently,amazon Thread Group 1-10,text,true,,350,112,2,2,http://amazon.in/,420,0,212
1667822066710,21882,Amazon HTTP Request-1,301,Moved Permanently,amazon Thread Group 1-10,text,true,,354,112,2,2,https://amazon.in/,21882,0,21667
1667822088593,487,Amazon HTTP Request-2,200,OK,amazon Thread Group 1-10,text,true,,42257,116,2,2,https://www.amazon.in/,421,0,138
1667822066242,43921,Amazon HTTP Request,200,OK,amazon Thread Group 1-9,text,false,"The operation lasted too long: It took 43,921 milliseconds, but should not have lasted longer than 25,000 milliseconds.",43019,340,1,1,https://www.amazon.in/,21482,0,21263
1667822066242,21482,Amazon HTTP Request-0,301,Moved Permanently,amazon Thread Group 1-9,text,true,,350,112,1,1,http://amazon.in/,21482,0,21263
1667822087725,851,Amazon HTTP Request-1,301,Moved Permanently,amazon Thread Group 1-9,text,true,,354,112,1,1,https://amazon.in/,851,0,646
1667822088577,21586,Amazon HTTP Request-2,200,OK,amazon Thread Group 1-9,text,true,,42315,116,1,1,https://www.amazon.in/,21450,0,21166
