timeStamp,elapsed,label,responseCode,responseMessage,threadName,dataType,success,failureMessage,bytes,sentBytes,grpThreads,allThreads,URL,Latency,IdleTime,Connect
1667822116576,2320,flipkart HTTP Request,200,OK,flipkart Thread Group 2-4,text,true,,973944,234,10,10,https://www.flipkart.com/,207,0,97
1667822116576,207,flipkart HTTP Request-0,301,Moved Permanently,flipkart Thread Group 2-4,text,true,,347,115,10,10,http://flipkart.com/,207,0,97
1667822116785,2111,flipkart HTTP Request-1,200,OK,flipkart Thread Group 2-4,text,true,,973597,119,10,10,https://www.flipkart.com/,929,0,299
1667822116421,2770,flipkart HTTP Request,200,OK,flipkart Thread Group 2-3,text,true,,975548,234,9,9,https://www.flipkart.com/,231,0,135
1667822116421,231,flipkart HTTP Request-0,301,Moved Permanently,flipkart Thread Group 2-3,text,true,,347,115,9,9,http://flipkart.com/,231,0,135
1667822116654,2537,flipkart HTTP Request-1,200,OK,flipkart Thread Group 2-3,text,true,,975201,119,9,9,https://www.flipkart.com/,927,0,339
1667822116675,3451,flipkart HTTP Request,200,OK,flipkart Thread Group 2-5,text,true,,973997,234,8,8,https://www.flipkart.com/,235,0,110
1667822116675,235,flipkart HTTP Request-0,301,Moved Permanently,flipkart Thread Group 2-5,text,true,,347,115,8,8,http://flipkart.com/,235,0,110
1667822116912,3214,flipkart HTTP Request-1,200,OK,flipkart Thread Group 2-5,text,true,,973650,119,8,8,https://www.flipkart.com/,810,0,253
1667822116885,3521,flipkart HTTP Request,200,OK,flipkart Thread Group 2-7,text,true,,975778,234,7,7,https://www.flipkart.com/,185,0,94
1667822116885,185,flipkart HTTP Request-0,301,Moved Permanently,flipkart Thread Group 2-7,text,true,,347,115,7,7,http://flipkart.com/,185,0,94
1667822117071,3335,flipkart HTTP Request-1,200,OK,flipkart Thread Group 2-7,text,true,,975431,119,7,7,https://www.flipkart.com/,1162,0,270
1667822116977,3445,flipkart HTTP Request,200,OK,flipkart Thread Group 2-8,text,true,,979438,234,7,7,https://www.flipkart.com/,188,0,89
1667822116977,188,flipkart HTTP Request-0,301,Moved Permanently,flipkart Thread Group 2-8,text,true,,347,115,7,7,http://flipkart.com/,188,0,89
1667822117166,3256,flipkart HTTP Request-1,200,OK,flipkart Thread Group 2-8,text,true,,979091,119,7,7,https://www.flipkart.com/,1294,0,259
1667822117085,3424,flipkart HTTP Request,200,OK,flipkart Thread Group 2-9,text,true,,975551,234,5,5,https://www.flipkart.com/,174,0,93
1667822117085,174,flipkart HTTP Request-0,301,Moved Permanently,flipkart Thread Group 2-9,text,true,,347,115,5,5,http://flipkart.com/,174,0,93
1667822117259,3250,flipkart HTTP Request-1,200,OK,flipkart Thread Group 2-9,text,true,,975204,119,5,5,https://www.flipkart.com/,1005,0,281
1667822117167,3528,flipkart HTTP Request,200,OK,flipkart Thread Group 2-10,text,true,,981183,234,4,4,https://www.flipkart.com/,192,0,93
1667822117167,192,flipkart HTTP Request-0,301,Moved Permanently,flipkart Thread Group 2-10,text,true,,347,115,4,4,http://flipkart.com/,192,0,93
1667822117360,3335,flipkart HTTP Request-1,200,OK,flipkart Thread Group 2-10,text,true,,980836,119,4,4,https://www.flipkart.com/,1040,0,276
1667822116322,21165,flipkart HTTP Request,Non HTTP response code: org.apache.http.conn.HttpHostConnectException,Non HTTP response message: Connect to flipkart.com:80 [flipkart.com/163.53.78.110] failed: Connection timed out: connect,flipkart Thread Group 2-2,text,false,"Test failed: code expected to equal /

****** received  : [[[Non HTTP response code: org.apache.http.conn.HttpHostConnectException]]]

****** comparison: [[[200                                                                  ]]]

/",2810,0,3,3,http://flipkart.com/,0,0,21165
1667822116295,21471,flipkart HTTP Request,Non HTTP response code: org.apache.http.conn.HttpHostConnectException,Non HTTP response message: Connect to www.flipkart.com:443 [www.flipkart.com/163.53.76.86] failed: Connection timed out: connect,flipkart Thread Group 2-1,text,false,"Test failed: code expected to equal /

****** received  : [[[Non HTTP response code: org.apache.http.conn.HttpHostConnectException]]]

****** comparison: [[[200                                                                  ]]]

/",3796,115,2,2,https://www.flipkart.com/,346,0,253
1667822116295,346,flipkart HTTP Request-0,301,Moved Permanently,flipkart Thread Group 2-1,text,true,,347,115,2,2,http://flipkart.com/,346,0,253
1667822116642,21124,flipkart HTTP Request-1,Non HTTP response code: org.apache.http.conn.HttpHostConnectException,Non HTTP response message: Connect to www.flipkart.com:443 [www.flipkart.com/163.53.76.86] failed: Connection timed out: connect,flipkart Thread Group 2-1,text,false,,3449,0,2,2,https://www.flipkart.com/,0,0,21124
1667822116772,21220,flipkart HTTP Request,Non HTTP response code: org.apache.http.conn.HttpHostConnectException,Non HTTP response message: Connect to www.flipkart.com:443 [www.flipkart.com/163.53.76.86] failed: Connection timed out: connect,flipkart Thread Group 2-6,text,false,"Test failed: code expected to equal /

****** received  : [[[Non HTTP response code: org.apache.http.conn.HttpHostConnectException]]]

****** comparison: [[[200                                                                  ]]]

/",3796,115,1,1,https://www.flipkart.com/,183,0,93
1667822116772,183,flipkart HTTP Request-0,301,Moved Permanently,flipkart Thread Group 2-6,text,true,,347,115,1,1,http://flipkart.com/,183,0,93
1667822116955,21037,flipkart HTTP Request-1,Non HTTP response code: org.apache.http.conn.HttpHostConnectException,Non HTTP response message: Connect to www.flipkart.com:443 [www.flipkart.com/163.53.76.86] failed: Connection timed out: connect,flipkart Thread Group 2-6,text,false,,3449,0,1,1,https://www.flipkart.com/,0,0,21037
